{
    "Model_10.pt": {
        "recall": [
            1.0,
            0.9960851676469384,
            0.9922948593730809,
            0.9875441804609779,
            0.9798168643131047,
            0.9718780278115149,
            0.9519030008597279,
            0.920253415030227,
            0.8809413338064112,
            0.8325205249053713,
            0.7818423422808717,
            0.7553187134103905,
            0.7190566192224239
        ],
        "precision": [
            0.28411522952853596,
            0.2895791821679324,
            0.29632725666719134,
            0.30579765262679726,
            0.32250185983184315,
            0.339096173647028,
            0.3731040117460008,
            0.4110818251575231,
            0.4446288804381235,
            0.49786899794958633,
            0.5673372687314097,
            0.588108257438814,
            0.594193582944989
        ],
        "fpr": [
            1.0,
            0.9685219301952168,
            0.9327876302499218,
            0.8860956639464075,
            0.8115357894899667,
            0.7448575073751655,
            0.6245974784866657,
            0.5089935709402813,
            0.41880082739170343,
            0.31437063794565767,
            0.21933036282942064,
            0.1927685604937489,
            0.1766514593221431
        ],
        "f1": [
            0.44250737472033425,
            0.44871047137356335,
            0.45636965223991544,
            0.4669897540223247,
            0.48527715247747755,
            0.5027713285522291,
            0.5360859603533328,
            0.5683008186649068,
            0.5909788176784643,
            0.6231049664576909,
            0.6575378036070246,
            0.6613075098141271,
            0.650689150035426
        ],
        "specificity": [
            0.0,
            0.03147806980478323,
            0.06721236975007816,
            0.11390433605359253,
            0.18846421051003326,
            0.25514249262483446,
            0.37540252151333436,
            0.49100642905971875,
            0.5811991726082966,
            0.6856293620543423,
            0.7806696371705794,
            0.8072314395062511,
            0.8233485406778569
        ]
    },
    "Model_11.pt": {
        "recall": [
            1.0,
            0.9957098896000218,
            0.9900056632868899,
            0.9837214618103413,
            0.9742678666466519,
            0.9645396361849916,
            0.9435581817437465,
            0.9138719824233409,
            0.8842418939134202,
            0.8525996721518404,
            0.8178161546964342,
            0.7995332905743802,
            0.773985384625882
        ],
        "precision": [
            0.28411522952853596,
            0.2934774684547305,
            0.30490486777734815,
            0.3224428291864691,
            0.3554714510394086,
            0.3900851304551789,
            0.4647671349818049,
            0.5354657705939148,
            0.5807973523170586,
            0.6085577019073662,
            0.6222387773007377,
            0.6266278604956477,
            0.6273730348575142
        ],
        "fpr": [
            1.0,
            0.950092828852803,
            0.892927620034878,
            0.8163933365985178,
            0.6959177035704973,
            0.5926243705725578,
            0.4241526555110102,
            0.30616952948732723,
            0.24381154569955532,
            0.2070796950368451,
            0.18509919139694686,
            0.17642867115152217,
            0.168682232455314
        ],
        "f1": [
            0.44250737472033425,
            0.45333739256655503,
            0.46622147032077915,
            0.48568764812197757,
            0.5208906853421603,
            0.5555081806803512,
            0.6227749052148043,
            0.6752700180117045,
            0.7010943251030726,
            0.7101987867197029,
            0.7067465453548402,
            0.7025991906900121,
            0.6930098009716967
        ],
        "specificity": [
            0.0,
            0.04990717114719695,
            0.10707237996512199,
            0.18360666340148227,
            0.30408229642950263,
            0.4073756294274422,
            0.5758473444889898,
            0.6938304705126728,
            0.7561884543004447,
            0.7929203049631549,
            0.8149008086030531,
            0.8235713288484778,
            0.831317767544686
        ]
    },
    "Model_12.pt": {
        "recall": [
            1.0,
            0.9958838821490468,
            0.9911195567625104,
            0.9861249471199116,
            0.9772837374964178,
            0.9683589432170199,
            0.9483873278838412,
            0.9152878041457989,
            0.8787357223761241,
            0.8385946178304835,
            0.7972969745766181,
            0.7739618888735367,
            0.7433469513079226
        ],
        "precision": [
            0.28411522952853596,
            0.2860112333404368,
            0.2880523131152133,
            0.29096485810821354,
            0.2949199325444299,
            0.29951449446643985,
            0.31251616051012127,
            0.3398365580283601,
            0.38035618036430224,
            0.43337264982580853,
            0.4890907055175885,
            0.5153003975014196,
            0.5421515569987185
        ],
        "fpr": [
            1.0,
            0.9851666587804268,
            0.9689810597626229,
            0.9488372688244177,
            0.9195868329002934,
            0.888607261132514,
            0.8130330935997857,
            0.685273050612897,
            0.5449104906828628,
            0.41154803110685967,
            0.3081142412879596,
            0.2671170587568903,
            0.22784705110266346
        ],
        "f1": [
            0.44250737472033425,
            0.44439513647502904,
            0.4463736072095715,
            0.4493461683604327,
            0.4531042642408943,
            0.4575181255782616,
            0.4701174500900535,
            0.49564531824948127,
            0.5309105112743365,
            0.5714360438354635,
            0.6062721928029651,
            0.6186838367991994,
            0.6270045502778726
        ],
        "specificity": [
            0.0,
            0.014833341219573196,
            0.031018940237377113,
            0.05116273117558231,
            0.08041316709970661,
            0.11139273886748607,
            0.18696690640021432,
            0.31472694938710305,
            0.4550895093171372,
            0.5884519688931403,
            0.6918857587120404,
            0.7328829412431097,
            0.7721529488973365
        ]
    },
    "Model_14.pt": {
        "recall": [
            1.0,
            0.9862379061421105,
            0.9714284739564143,
            0.9515537231529227,
            0.9146733169464435,
            0.8790070977635478,
            0.7965898158445971,
            0.6668815883737591,
            0.5346040475443169,
            0.41963079463420627,
            0.33131081210169355,
            0.29288575171604414,
            0.2455034866742177
        ],
        "precision": [
            0.28411522952853596,
            0.29028116877607263,
            0.29833627829031495,
            0.31005806126725416,
            0.33010219754580605,
            0.3481638480108156,
            0.379260832984118,
            0.40291442734285227,
            0.42286249365845235,
            0.37623058252798397,
            0.31047237838866076,
            0.27756690258104777,
            0.23515052888527258
        ],